id;customer_id;pincode;email;house_no_or_building_name;road_name_area_or_street;city;state;landmark;name;phone;alternate_phone;address_type
1;models CFP Franc Human;Quality;Birdie.Wilderman60@hotmail.com;secured line index;experiences Sports Handcrafted Concrete Chicken;Konopelskistad;JSON Michigan Cambridgeshire;end-to-end;Berkshire Health;74653;28260;Savings Account
2;override Chair Credit Card Account;Developer;Alverta42@gmail.com;invoice;indexing Ports;Leuschkeville;generating Guyana Dollar;Incredible capacitor Grove;hacking;24925;26724;PNG grow
3;orchid SMTP driver;Home Quality-focused;Richie_Runolfsdottir35@gmail.com;initiative Soap Orchestrator;program Shoes optical;Bayerville;Gardens USB;Quality-focused Neck;quantifying;40467;27304;USB azure projection
4;Taka Texas Technician;Accounts Savings Account Gorgeous;Rick_Mohr41@yahoo.com;Borders Awesome;Industrial Identity;Noemifurt;bus microchip;payment multi-tasking Tasty;time-frame;37261;38864;Architect
5;Gloves Metal Rubber;Orchestrator Personal Loan Account fuchsia;Dortha73@hotmail.com;Gloves Pizza;Grass-roots compelling;Lake Leonardo;Computer;invoice systematic Montana;Fully-configurable;5211;50583;regional Unbranded compelling
6;Haven Marketing;Gold;Royal37@yahoo.com;Profound;azure compress asynchronous;Hermannmouth;Practical Frozen;Tasty Plastic Salad Rustic Soft Tuna olive;Awesome Steel Table;64803;4652;navigate Checking Account Qatar
7;Awesome Savings Account;Shoes;Dereck70@hotmail.com;killer override;Incredible channels white;South Hubert;Rustic Frozen Salad methodologies local;turquoise;solutions;973;78177;Buckinghamshire Jewelery
8;Checking Account;Industrial bus;Kaden_Gaylord7@hotmail.com;Licensed;bandwidth;Mayramouth;infomediaries integrated Balanced;white Streets;Sleek;73632;19259;Toys Dominican Peso
9;models;e-services Tunnel;Tamara.Jast68@yahoo.com;payment Bulgaria;withdrawal Program District;Rippinstad;Handmade olive Vermont;transmit Sleek Wooden Salad program;Sleek connect hack;247;49199;Generic Massachusetts
10;zero defect Bosnia and Herzegovina application;Practical;Leo_Crona@gmail.com;open-source;analyzing JSON withdrawal;East Mariela;platforms New Mexico auxiliary;Awesome Auto Loan Account salmon;Innovative;43779;84490;FTP
