id;order_id;customer_id;store_id;date;grand_total;sub_total;payment_ref;payment_mode;allergy_note;pre_order_date;email;time_zone
1;portal input;synthesize holistic payment;Convertible Marks Danish Krone;2019-12-27T19:57:32;26312;92349;Borders Keys Buckinghamshire;Orchestrator virtual;HDD;2019-12-28T00:33:54;Adriana_Strosin@hotmail.com;Tools e-markets
2;feed Investment Account Slovenia;Cotton hack;Path;2019-12-27T10:15:19;92332;54519;deposit;solid state;generate;2019-12-28T04:37:57;Domenick69@hotmail.com;SDD Minnesota
3;Bedfordshire;Bedfordshire;Gorgeous Regional;2019-12-28T08:03:51;93769;7768;Indian Rupee Ngultrum solid state;Handcrafted Fresh Salad Health RSS;channels;2019-12-27T21:49:08;Vesta_Rippin82@yahoo.com;Games TCP
4;Pennsylvania Uruguay;virtual intuitive;multi-state Libyan Dinar;2019-12-27T11:09:59;82216;63016;Internal Rustic Table;Specialist;Director ADP Ball;2019-12-27T18:56:26;Asha49@hotmail.com;Bacon Ergonomic Response
5;Concrete;Architect product;red;2019-12-27T16:30:01;52070;29277;tertiary Mouse;Industrial Assistant orchid;Dynamic Utah gold;2019-12-28T07:40:27;Jo_Wisozk51@hotmail.com;Belarus solid state
6;monetize software;Money Market Account 24/7 Networked;Tasty;2019-12-27T10:04:50;41994;66026;invoice local;SCSI;Division;2019-12-27T14:05:48;Carmela.DAmore@yahoo.com;North Carolina
7;Netherlands;Universal analyzing;Republic of Korea Argentina Senegal;2019-12-27T10:10:05;23502;66362;Buckinghamshire Engineer;pixel encryption input;Berkshire standardization West Virginia;2019-12-28T05:32:02;Wilbert5@yahoo.com;Guyana Dollar Enhanced Officer
8;Global Unbranded generate;Metal Nebraska Seychelles Rupee;Home Loan Account;2019-12-28T05:23:32;30472;10165;Berkshire virtual Borders;Security Awesome Steel Shoes De-engineered;withdrawal Granite expedite;2019-12-27T20:56:28;Keaton82@hotmail.com;Generic
9;Senior wireless bluetooth;Hawaii fuchsia;Russian Federation applications schemas;2019-12-27T23:24:59;7878;12359;Kentucky;North Korean Won;innovate bypassing Global;2019-12-28T07:36:25;Shanna_Maggio@hotmail.com;UAE Dirham bypassing cross-platform
10;Savings Account navigate;bypassing;sensor AGP Identity;2019-12-27T16:12:11;56157;5938;methodology Kids;matrix;sexy Computers;2019-12-27T21:35:22;Evan.Hudson56@gmail.com;withdrawal Sleek
